"CLIENTNUM","Attrition_Flag","Customer_Age","Gender","Dependent_count","Education_Level","Marital_Status","Income_Category","Card_Category","Months_on_book","Total_Relationship_Count","Months_Inactive_12_mon","Contacts_Count_12_mon","Credit_Limit","Total_Revolving_Bal","Avg_Open_To_Buy","Total_Amt_Chng_Q4_Q1","Total_Trans_Amt","Total_Trans_Ct","Total_Ct_Chng_Q4_Q1","Avg_Utilization_Ratio","Naive_Bayes_Classifier_Attrition_Flag_Card_Category_Contacts_Count_12_mon_Dependent_count_Education_Level_Months_Inactive_12_mon_1","Naive_Bayes_Classifier_Attrition_Flag_Card_Category_Contacts_Count_12_mon_Dependent_count_Education_Level_Months_Inactive_12_mon_2"
806649333,"Existing Customer",47,"F",4,"High School","Unknown","Unknown","Blue",42,3,3,2,16998,1404,15594,0.785,13977,127,0.693,0.083,0.00018339,0.99982
789280683,"Existing Customer",56,"M",2,"Graduate","Single","$120K +","Blue",45,2,2,3,11714,898,10816,0.726,13956,122,0.718,0.077,0.00019143,0.99981
713318733,"Attrited Customer",32,"M",0,"College","Single","$60K - $80K","Blue",24,3,2,3,4097,0,4097,0.836,8376,64,0.684,0,0.99378,0.00622
709611183,"Attrited Customer",41,"F",3,"High School","Married","Less than $40K","Blue",31,3,3,3,3952,0,3952,1.002,8241,82,0.952,0,0.99673,0.00326528
712441308,"Attrited Customer",41,"F",4,"Unknown","Single","Unknown","Blue",25,2,2,3,29295,0,29295,1.411,9865,65,0.711,0,0.99549,0.00451007
709315383,"Existing Customer",31,"F",0,"Post-Graduate","Single","Unknown","Blue",36,3,3,1,26423,0,26423,0.671,13575,108,0.77,0,0.00010953,0.99989
710141208,"Existing Customer",45,"F",4,"Uneducated","Married","Less than $40K","Blue",37,3,3,1,3196,1817,1379,0.731,13300,104,0.677,0.569,0.00011697,0.99988
711684408,"Attrited Customer",50,"F",0,"Graduate","Married","Less than $40K","Blue",38,2,3,1,4935,1574,3361,1.01,8527,84,0.5,0.319,0.98937,0.01063
758331483,"Existing Customer",31,"M",0,"Graduate","Single","$60K - $80K","Silver",24,2,2,2,34516,984,33532,0.913,15347,109,0.787,0.029,8.8254e-05,0.99991
715825458,"Attrited Customer",47,"M",2,"Graduate","Married","$80K - $120K","Blue",36,3,3,2,12933,2239,10694,0.445,6564,56,0.514,0.173,0.99447,0.00553
708248358,"Existing Customer",42,"M",4,"Graduate","Unknown","$60K - $80K","Silver",30,3,1,3,29937,0,29937,0.746,14863,109,0.627,0,8.7785e-05,0.99991
779808333,"Existing Customer",48,"F",2,"Graduate","Single","Less than $40K","Blue",38,2,1,2,8881,1901,6980,0.808,15530,110,0.692,0.214,5.5077e-05,0.99994
715989108,"Existing Customer",52,"M",3,"Unknown","Single","$80K - $120K","Blue",42,3,3,3,27514,1834,25680,0.769,12841,100,0.786,0.067,0.00034503,0.99965
714912408,"Existing Customer",45,"M",2,"Uneducated","Married","$80K - $120K","Blue",37,3,1,1,32275,1845,30430,0.841,14917,88,0.796,0.057,3.415e-05,0.99997
827683383,"Existing Customer",48,"F",3,"Uneducated","Divorced","Less than $40K","Blue",44,3,2,1,4107,2517,1590,0.779,16027,112,0.723,0.613,7.3235e-05,0.99993
719595708,"Existing Customer",53,"F",2,"High School","Married","Unknown","Blue",47,3,1,1,7469,1294,6175,0.869,15212,124,0.746,0.173,3.2288e-05,0.99997
711566208,"Existing Customer",58,"F",3,"Graduate","Married","Less than $40K","Blue",36,2,2,2,5023,1857,3166,0.631,14111,98,0.69,0.37,0.00011811,0.99988
711161133,"Attrited Customer",36,"F",2,"Unknown","Single","Less than $40K","Blue",36,2,3,3,6071,0,6071,0.912,9338,59,0.903,0,0.997,0.00299743
715052583,"Existing Customer",45,"M",3,"Doctorate","Single","$60K - $80K","Silver",34,3,3,1,27494,879,26615,0.671,14375,112,0.672,0.032,0.00014718,0.99985
714586458,"Existing Customer",41,"F",1,"High School","Divorced","Less than $40K","Blue",36,2,3,1,7106,2031,5075,0.746,16377,124,0.746,0.286,9.8983e-05,0.9999
711523533,"Existing Customer",43,"M",5,"Post-Graduate","Single","$60K - $80K","Blue",31,3,3,1,17230,1805,15425,0.788,14781,130,0.857,0.105,0.00013178,0.99987
756658083,"Existing Customer",49,"M",4,"Post-Graduate","Single","$80K - $120K","Blue",42,3,2,1,30885,2018,28867,0.904,17350,115,0.62,0.065,8.4706e-05,0.99992
709247808,"Existing Customer",53,"F",1,"Unknown","Unknown","Less than $40K","Blue",43,2,2,2,3629,2517,1112,0.735,14205,102,0.759,0.694,0.00011743,0.99988
713242383,"Attrited Customer",39,"M",2,"Uneducated","Married","$120K +","Silver",19,2,1,2,34516,796,33720,0.841,7721,75,0.667,0.023,0.98083,0.01917
717135333,"Existing Customer",50,"F",1,"Graduate","Single","Unknown","Blue",36,3,2,2,17970,1390,16580,0.724,13204,97,0.796,0.077,0.00010684,0.99989
716150358,"Existing Customer",38,"M",3,"Graduate","Married","Less than $40K","Silver",27,3,2,3,10343,2070,8273,0.747,14805,115,0.769,0.2,0.00017949,0.99982
717457008,"Attrited Customer",43,"M",3,"Uneducated","Single","$40K - $60K","Blue",36,3,3,3,9267,0,9267,0.866,7991,90,1.093,0,0.99691,0.00308778
711822933,"Existing Customer",55,"F",2,"College","Married","$40K - $60K","Blue",45,2,3,3,2985,1651,1334,0.693,14187,103,0.873,0.553,0.00029411,0.99971
803968233,"Existing Customer",39,"F",2,"Uneducated","Married","Less than $40K","Silver",34,3,3,3,14386,2517,11869,0.735,13377,114,0.869,0.175,0.00028105,0.99972
779037408,"Existing Customer",38,"M",1,"High School","Single","$40K - $60K","Blue",19,2,3,3,3581,694,2887,0.673,14637,109,0.787,0.194,0.00027604,0.99972
709007883,"Existing Customer",37,"M",2,"Graduate","Married","Less than $40K","Blue",28,2,2,3,3079,1267,1812,0.65,14540,104,0.552,0.411,0.00019143,0.99981
714635883,"Existing Customer",48,"F",2,"Unknown","Single","Less than $40K","Blue",37,3,3,2,3594,1996,1598,0.795,14881,109,0.703,0.555,0.00019771,0.9998
779914383,"Existing Customer",34,"M",1,"Uneducated","Married","$60K - $80K","Blue",18,3,2,2,10488,1636,8852,0.681,14719,116,0.681,0.156,0.00010985,0.99989
712841883,"Attrited Customer",50,"M",3,"College","Single","$80K - $120K","Silver",36,3,3,2,34516,2517,31999,0.735,7155,66,0.65,0.073,0.99394,0.00606
719582058,"Attrited Customer",41,"M",3,"Doctorate","Single","$80K - $120K","Blue",29,2,2,3,24001,1629,22372,0.965,9102,75,0.974,0.068,0.99653,0.00346592
708387933,"Existing Customer",49,"F",2,"Post-Graduate","Married","Less than $40K","Blue",37,2,1,2,5500,0,5500,0.675,14357,110,0.618,0,6.4807e-05,0.99994
717251508,"Existing Customer",37,"M",1,"Uneducated","Married","$120K +","Blue",17,1,1,3,34516,0,34516,0.776,14127,116,0.731,0,8.9404e-05,0.99991
710699283,"Existing Customer",46,"M",2,"Graduate","Single","$120K +","Blue",28,1,1,1,7790,1921,5869,0.789,14567,131,0.617,0.247,3.3214e-05,0.99997
709141908,"Existing Customer",53,"M",2,"Graduate","Married","$80K - $120K","Blue",41,2,3,1,10301,2451,7850,0.906,16359,111,0.657,0.238,0.00010848,0.99989
720356133,"Existing Customer",48,"F",4,"High School","Single","Unknown","Blue",36,2,3,1,23939,1419,22520,0.785,14812,101,0.804,0.059,0.0001106,0.99989
717788958,"Existing Customer",31,"M",0,"Graduate","Divorced","$80K - $120K","Blue",19,1,1,2,21615,570,21045,0.737,16464,103,0.717,0.026,4.7263e-05,0.99995
778563858,"Existing Customer",40,"F",3,"Uneducated","Married","Less than $40K","Blue",33,1,1,1,8712,991,7721,0.615,14512,115,0.769,0.114,3.5437e-05,0.99996
711096633,"Attrited Customer",37,"F",2,"Uneducated","Unknown","Less than $40K","Silver",29,5,2,6,12203,0,12203,0.9,8600,94,0.843,0,0.99892,0.00108359
716816583,"Existing Customer",61,"M",0,"Graduate","Married","$60K - $80K","Blue",48,1,3,1,15483,2148,13335,0.738,14463,94,0.774,0.139,9.3087e-05,0.99991
719841708,"Existing Customer",45,"M",0,"Uneducated","Single","$80K - $120K","Blue",36,1,4,3,20356,2031,18325,0.752,15180,121,0.806,0.1,0.00032257,0.99968
708555633,"Existing Customer",32,"F",1,"High School","Single","Less than $40K","Blue",16,2,3,1,3548,2517,1031,0.818,15157,97,0.865,0.709,9.8983e-05,0.9999
714638883,"Existing Customer",31,"M",0,"Graduate","Single","$40K - $60K","Blue",36,2,3,3,4661,1835,2826,0.999,14257,110,0.964,0.394,0.0002596,0.99974
809147283,"Existing Customer",43,"F",5,"Graduate","Married","Less than $40K","Gold",38,2,2,1,15987,1372,14615,0.649,15058,109,0.912,0.086,8.1644e-05,0.99992
708197358,"Attrited Customer",57,"M",2,"Uneducated","Unknown","$80K - $120K","Blue",48,4,1,3,30543,264,30279,0.882,7784,63,0.703,0.009,0.98961,0.01039
757247808,"Attrited Customer",42,"F",3,"Graduate","Married","Less than $40K","Blue",35,2,4,3,5230,2517,2713,0.937,9495,61,0.605,0.481,0.99737,0.0026282
820922733,"Existing Customer",43,"M",2,"Graduate","Married","$80K - $120K","Blue",38,2,1,2,34516,0,34516,0.674,14160,124,0.771,0,5.5077e-05,0.99994
807977808,"Existing Customer",39,"F",2,"Graduate","Single","Less than $40K","Blue",34,1,3,3,3246,2517,729,0.722,13671,103,0.689,0.775,0.00030251,0.9997
712863183,"Existing Customer",46,"F",3,"Graduate","Married","$40K - $60K","Blue",38,2,3,3,10018,829,9189,0.844,13819,114,0.81,0.083,0.0003139,0.99969
778825908,"Existing Customer",43,"F",2,"Unknown","Single","Less than $40K","Silver",24,1,1,3,10272,1523,8749,0.869,14321,113,0.794,0.148,9.2006e-05,0.99991
713379258,"Existing Customer",32,"F",1,"High School","Married","Less than $40K","Blue",36,1,1,2,4097,1293,2804,0.671,15925,100,0.786,0.316,5.0256e-05,0.99995
710232483,"Existing Customer",49,"F",1,"Uneducated","Married","Unknown","Blue",36,2,3,2,19846,2162,17684,0.602,16908,122,0.694,0.109,0.0001736,0.99983
710170758,"Attrited Customer",32,"M",0,"Post-Graduate","Married","$60K - $80K","Blue",25,6,2,2,4469,2331,2138,1.006,8314,67,0.763,0.522,0.99137,0.00863
803421108,"Existing Customer",49,"M",4,"Graduate","Single","$80K - $120K","Blue",43,1,2,2,20701,2517,18184,1.023,14374,113,0.823,0.122,0.00011937,0.99988
792152283,"Existing Customer",54,"M",3,"Graduate","Married","$120K +","Blue",48,1,3,2,8426,0,8426,0.96,14378,103,0.717,0,0.00018665,0.99981
717291333,"Existing Customer",38,"M",3,"Uneducated","Married","$80K - $120K","Blue",29,2,2,2,16722,0,16722,0.719,15110,113,0.823,0,0.00012144,0.99988
714928158,"Existing Customer",60,"M",0,"High School","Single","$80K - $120K","Silver",36,1,2,3,34516,806,33710,0.755,13434,102,0.672,0.023,0.0001443,0.99986
780511683,"Attrited Customer",47,"M",3,"Graduate","Single","$40K - $60K","Blue",34,4,3,3,4413,232,4181,0.799,7869,76,0.767,0.053,0.99683,0.00317458
772491333,"Existing Customer",31,"F",1,"Post-Graduate","Married","Less than $40K","Blue",21,2,1,2,5342,2005,3337,0.682,14738,94,0.709,0.375,6.083e-05,0.99994
719847108,"Attrited Customer",52,"M",1,"Unknown","Married","$40K - $60K","Blue",36,4,3,3,8455,2517,5938,0.809,8124,73,1.028,0.298,0.99681,0.00319278
808045833,"Existing Customer",49,"M",3,"Uneducated","Single","Less than $40K","Blue",44,2,3,2,7659,1698,5961,0.992,15860,105,0.75,0.222,0.00019191,0.99981
708385533,"Attrited Customer",49,"F",1,"Graduate","Married","Less than $40K","Silver",36,2,3,3,11059,0,11059,0.99,9524,80,0.905,0,0.99612,0.0038814
770205708,"Existing Customer",31,"M",0,"Unknown","Married","Less than $40K","Blue",25,2,3,0,4093,0,4093,0.697,15495,112,0.778,0,6.2588e-05,0.99994
719379858,"Attrited Customer",39,"M",1,"Graduate","Married","$80K - $120K","Blue",36,2,2,3,24239,0,24239,0.94,8549,73,0.78,0,0.99447,0.00553
709657533,"Attrited Customer",44,"M",3,"High School","Unknown","$120K +","Blue",36,2,3,2,7793,2270,5523,0.945,8260,54,0.5,0.291,0.99452,0.00548
798788958,"Existing Customer",32,"M",1,"High School","Single","$80K - $120K","Blue",26,2,3,2,6407,1130,5277,0.756,14471,93,0.603,0.176,0.00016413,0.99984
720011958,"Existing Customer",57,"M",2,"High School","Single","$60K - $80K","Blue",36,2,3,3,6024,1532,4492,0.867,15763,97,0.83,0.254,0.00029408,0.99971
708982158,"Existing Customer",48,"F",2,"Graduate","Single","Less than $40K","Blue",36,2,2,3,3352,2122,1230,0.701,14802,106,0.797,0.633,0.00019143,0.99981
710803983,"Existing Customer",44,"M",1,"Unknown","Married","$80K - $120K","Blue",33,2,3,1,32222,0,32222,0.844,14220,95,0.61,0,0.00011192,0.99989
719768658,"Existing Customer",31,"F",0,"College","Married","Unknown","Silver",24,2,3,1,34516,2032,32484,0.82,14544,104,0.705,0.059,8.1774e-05,0.99992
711355908,"Existing Customer",44,"F",3,"Graduate","Unknown","Unknown","Silver",36,2,3,3,34516,941,33575,0.659,12042,117,0.857,0.027,0.00028364,0.99972
813153108,"Existing Customer",49,"M",4,"College","Married","$80K - $120K","Blue",44,2,3,3,31091,966,30125,0.57,14565,108,0.742,0.031,0.00030845,0.99969
712487883,"Attrited Customer",54,"M",5,"High School","Married","$80K - $120K","Blue",48,2,1,3,7464,0,7464,0.865,9071,74,1,0,0.98936,0.01064
753220383,"Attrited Customer",29,"M",0,"Graduate","Single","$120K +","Blue",22,2,2,3,11722,0,11722,0.778,8302,78,0.902,0,0.99395,0.00605
708340758,"Attrited Customer",41,"M",4,"High School","Married","Less than $40K","Blue",32,2,3,3,7769,0,7769,0.943,8109,74,0.762,0,0.99677,0.00323086
720852108,"Existing Customer",46,"M",4,"High School","Divorced","$120K +","Blue",31,2,3,1,3569,1553,2016,0.798,16695,116,0.681,0.435,0.0001106,0.99989
716728233,"Existing Customer",47,"F",4,"High School","Married","Less than $40K","Blue",36,1,3,1,3216,1480,1736,0.733,14178,123,0.809,0.46,0.0001106,0.99989
711863433,"Existing Customer",30,"M",1,"Unknown","Unknown","Less than $40K","Blue",13,1,3,1,3789,1782,2007,0.85,15670,116,0.785,0.47,0.00011192,0.99989
779422458,"Existing Customer",31,"F",1,"Unknown","Divorced","Less than $40K","Blue",13,2,2,3,3533,1206,2327,0.859,16339,120,0.579,0.341,0.00019751,0.9998
715573758,"Existing Customer",43,"M",4,"Uneducated","Married","$120K +","Silver",36,1,2,1,34516,1816,32700,0.995,15226,113,0.712,0.053,6.6879e-05,0.99993
794530608,"Existing Customer",52,"M",2,"Uneducated","Single","$80K - $120K","Blue",34,2,2,3,27229,0,27229,0.795,13264,120,0.667,0,0.00019683,0.9998
718376583,"Attrited Customer",52,"M",2,"Graduate","Divorced","$80K - $120K","Silver",44,4,3,2,34516,751,33765,0.357,5806,40,0.429,0.022,0.99389,0.00611
720827133,"Attrited Customer",43,"F",3,"Doctorate","Single","Less than $40K","Blue",30,1,2,2,6261,463,5798,0.889,8132,64,0.6,0.074,0.99418,0.00582
767414808,"Existing Customer",57,"F",0,"Uneducated","Married","Less than $40K","Blue",51,2,3,3,6996,2092,4904,0.794,15017,120,0.765,0.299,0.00026692,0.99973
718919433,"Existing Customer",52,"F",4,"Graduate","Single","Less than $40K","Blue",36,2,3,3,4440,1149,3291,0.842,14973,112,0.723,0.259,0.00031726,0.99968
708694983,"Existing Customer",55,"F",1,"Uneducated","Unknown","Less than $40K","Blue",36,1,2,1,3150,2222,928,0.794,14750,96,0.655,0.705,6.6245e-05,0.99993
719270358,"Existing Customer",57,"F",2,"Doctorate","Divorced","$40K - $60K","Blue",48,2,2,2,4288,1678,2610,0.643,15505,113,0.687,0.391,0.00016471,0.99984
708948483,"Attrited Customer",54,"M",3,"Graduate","Married","$80K - $120K","Silver",36,2,3,1,34516,761,33755,0.838,8444,68,0.744,0.022,0.99026,0.00974
708462258,"Existing Customer",51,"F",1,"High School","Married","Less than $40K","Blue",38,1,1,2,5189,1171,4018,0.732,16563,94,0.741,0.226,5.0256e-05,0.99995
716721483,"Attrited Customer",59,"M",0,"Uneducated","Single","$40K - $60K","Blue",52,1,2,2,14458,2017,12441,0.99,8696,72,0.895,0.14,0.99014,0.00986
799011558,"Existing Customer",43,"M",3,"Uneducated","Married","$120K +","Blue",37,1,2,3,16909,1171,15738,0.767,15740,120,0.739,0.069,0.00020424,0.9998
710697408,"Existing Customer",41,"F",5,"Unknown","Married","Less than $40K","Blue",22,2,1,3,6739,896,5843,0.765,15471,115,0.855,0.133,0.00010512,0.99989
710527533,"Attrited Customer",45,"M",5,"College","Single","$40K - $60K","Blue",36,4,3,3,4982,0,4982,0.886,8586,58,1,0,0.99672,0.00328158
709996833,"Attrited Customer",31,"M",1,"Post-Graduate","Single","Less than $40K","Silver",36,6,3,5,12359,0,12359,0.843,7528,70,0.628,0,0.99888,0.00112034
718531983,"Existing Customer",51,"M",3,"High School","Married","$80K - $120K","Blue",41,1,3,3,9959,2068,7891,0.741,13810,124,0.797,0.208,0.00030516,0.99969
715554708,"Existing Customer",53,"M",1,"High School","Unknown","$120K +","Blue",34,2,1,2,8507,1484,7023,0.709,14949,114,0.727,0.174,5.0256e-05,0.99995
718774533,"Existing Customer",48,"M",1,"College","Married","$60K - $80K","Blue",44,2,3,1,15355,1823,13532,0.809,15053,111,1.018,0.119,9.8992e-05,0.9999
712337208,"Existing Customer",59,"F",2,"Unknown","Single","Unknown","Blue",46,2,3,2,23731,1890,21841,0.677,13647,93,0.576,0.08,0.00019771,0.9998
714022833,"Attrited Customer",42,"F",2,"Graduate","Single","$40K - $60K","Silver",32,4,3,3,17909,0,17909,0.225,5977,58,0.487,0,0.99636,0.00364408
710026458,"Existing Customer",34,"M",1,"Unknown","Married","$40K - $60K","Blue",36,2,2,2,3995,2475,1520,0.817,12575,99,0.8,0.62,0.00011743,0.99988
710178558,"Attrited Customer",46,"M",2,"High School","Married","$60K - $80K","Gold",38,5,3,6,34516,2517,31999,0.956,9314,89,0.978,0.073,0.99943,0.00056902
768712383,"Attrited Customer",51,"M",5,"Graduate","Divorced","$120K +","Blue",45,6,3,6,34516,0,34516,0.757,8173,91,1.022,0,0.99938,0.00061727
711156858,"Attrited Customer",48,"F",5,"High School","Single","Less than $40K","Blue",40,1,4,3,8297,2517,5780,0.899,9819,74,0.682,0.303,0.99728,0.00271707
719799033,"Existing Customer",52,"M",1,"Post-Graduate","Unknown","$80K - $120K","Blue",40,2,1,2,5520,2448,3072,0.862,14330,116,0.681,0.443,6.083e-05,0.99994
720788883,"Existing Customer",58,"F",0,"Uneducated","Unknown","Unknown","Blue",36,1,2,3,3736,2209,1527,0.98,15886,118,0.662,0.591,0.00016891,0.99983
710306358,"Attrited Customer",38,"M",1,"Unknown","Married","$40K - $60K","Blue",18,1,1,2,9664,1983,7681,0.873,7995,56,0.806,0.205,0.98271,0.01729
758617233,"Existing Customer",56,"F",5,"Doctorate","Single","Less than $40K","Blue",49,3,3,2,4132,1559,2573,0.827,14781,108,0.688,0.377,0.00026871,0.99973
720163458,"Existing Customer",38,"M",1,"Uneducated","Unknown","$120K +","Blue",21,4,2,3,28043,1786,26257,0.802,14521,109,0.847,0.064,0.00018475,0.99982
708482658,"Existing Customer",41,"M",3,"Graduate","Married","$80K - $120K","Blue",31,3,2,2,9959,1946,8013,0.725,15594,114,0.676,0.195,0.00011811,0.99988
826148883,"Existing Customer",45,"M",2,"Graduate","Married","$120K +","Blue",41,4,3,1,16453,1660,14793,0.629,14762,108,0.742,0.101,0.00010848,0.99989
779055033,"Attrited Customer",43,"F",3,"Uneducated","Unknown","Less than $40K","Blue",24,1,2,2,8256,2416,5840,0.696,8104,64,0.73,0.293,0.99183,0.00817
713118183,"Existing Customer",31,"M",1,"Unknown","Married","$40K - $60K","Blue",23,5,1,2,13427,1562,11865,0.537,13117,108,0.714,0.116,5.6825e-05,0.99994
714103083,"Existing Customer",47,"M",2,"College","Married","$40K - $60K","Blue",37,6,3,1,3263,1525,1738,0.542,14649,110,0.833,0.467,0.00010546,0.99989
714145233,"Attrited Customer",34,"M",0,"Graduate","Divorced","$80K - $120K","Silver",24,1,2,3,34516,400,34116,0.202,5112,49,0.256,0.012,0.99331,0.00669
719547033,"Attrited Customer",40,"M",4,"Unknown","Married","$80K - $120K","Blue",31,1,3,6,23502,0,23502,0.839,7957,60,0.875,0,0.99945,0.00055285
720899058,"Existing Customer",35,"M",2,"Graduate","Married","$80K - $120K","Blue",21,6,2,1,7685,2517,5168,0.745,13604,116,0.731,0.328,6.864e-05,0.99993
789432033,"Attrited Customer",32,"F",1,"Graduate","Married","Less than $40K","Blue",23,1,2,3,4065,230,3835,0.779,7844,64,0.73,0.057,0.99447,0.00553
717214158,"Existing Customer",41,"M",4,"Post-Graduate","Married","$40K - $60K","Blue",28,5,3,3,9815,0,9815,0.859,15475,94,0.679,0,0.00037329,0.99963
715269483,"Existing Customer",50,"M",4,"Post-Graduate","Married","$120K +","Blue",36,4,1,3,17374,2517,14857,0.743,15473,128,0.707,0.145,0.00011432,0.99989
718805733,"Existing Customer",39,"F",2,"Graduate","Single","$40K - $60K","Blue",28,3,1,1,7093,2517,4576,0.745,13937,120,0.846,0.355,3.3214e-05,0.99997
789780033,"Existing Customer",33,"M",3,"College","Married","$80K - $120K","Silver",22,6,2,2,34516,917,33599,0.764,14202,114,0.781,0.027,0.00010375,0.9999
716482533,"Existing Customer",48,"F",2,"Unknown","Married","Less than $40K","Blue",36,2,1,2,3329,0,3329,0.814,14893,98,0.815,0,6.054e-05,0.99994
708319908,"Attrited Customer",37,"M",3,"Graduate","Single","$80K - $120K","Blue",17,1,1,2,4116,1473,2643,1.023,8667,70,0.892,0.358,0.9828,0.0172
711663858,"Existing Customer",28,"M",1,"Post-Graduate","Single","Unknown","Blue",13,4,3,3,20030,1204,18826,0.979,15862,127,0.693,0.06,0.00033411,0.99967
716894658,"Existing Customer",49,"F",1,"Graduate","Divorced","Less than $40K","Blue",44,5,2,2,8687,1763,6924,0.796,16824,123,0.708,0.203,0.00010684,0.99989
714082308,"Attrited Customer",39,"M",3,"High School","Single","$80K - $120K","Blue",13,2,1,3,8656,0,8656,0.893,8056,89,0.935,0,0.98941,0.01059
708082083,"Existing Customer",45,"F",3,"High School","Married","Less than $40K","Blue",36,4,3,3,3544,1661,1883,0.831,15149,111,0.734,0.469,0.00030516,0.99969
714820158,"Attrited Customer",29,"M",0,"High School","Single","$40K - $60K","Blue",36,6,3,1,5988,660,5328,1.041,10211,68,1,0.11,0.98907,0.01093
713347608,"Attrited Customer",54,"F",2,"Post-Graduate","Single","Less than $40K","Blue",43,2,3,2,4917,0,4917,0.972,9442,69,0.917,0,0.9953,0.00470167
721395633,"Existing Customer",53,"M",1,"Graduate","Single","$80K - $120K","Blue",41,5,3,3,18591,994,17597,0.737,15063,108,0.662,0.053,0.00028395,0.99972
721438233,"Existing Customer",39,"M",2,"Post-Graduate","Single","$40K - $60K","Blue",31,6,3,3,3297,1761,1536,0.879,15580,120,0.739,0.534,0.00035594,0.99964
713987808,"Existing Customer",43,"F",3,"College","Single","Less than $40K","Blue",33,4,2,2,5702,2165,3537,0.79,14970,120,0.935,0.38,0.00011483,0.99989
721086483,"Existing Customer",27,"F",0,"Uneducated","Single","Less than $40K","Silver",19,3,3,3,10982,2517,8465,0.84,13563,97,0.732,0.229,0.00024118,0.99976
709969758,"Existing Customer",43,"M",3,"Graduate","Single","$60K - $80K","Platinum",35,4,3,3,34516,1774,32742,0.667,13966,115,0.667,0.051,0.00054523,0.99945
801502008,"Existing Customer",37,"M",1,"Graduate","Married","$60K - $80K","Blue",31,5,1,2,20144,1195,18949,0.67,14287,106,0.828,0.059,5.1697e-05,0.99995
819051183,"Existing Customer",47,"F",4,"Graduate","Married","Unknown","Blue",42,4,1,3,16349,1925,14424,0.833,16207,114,0.81,0.118,9.7154e-05,0.9999
710858658,"Existing Customer",48,"F",4,"Doctorate","Divorced","Less than $40K","Silver",38,2,1,2,10610,0,10610,0.664,15050,108,0.742,0,7.5527e-05,0.99992
716002458,"Existing Customer",43,"M",4,"College","Married","$40K - $60K","Blue",30,1,1,2,7386,656,6730,0.885,15691,126,0.68,0.089,5.6158e-05,0.99994
718080558,"Attrited Customer",41,"F",4,"High School","Single","Less than $40K","Blue",36,6,3,3,4720,0,4720,0.978,8798,67,0.675,0,0.99677,0.00323086
788019483,"Existing Customer",49,"M",3,"Graduate","Married","$80K - $120K","Blue",40,4,1,3,3660,766,2894,0.535,14515,122,0.848,0.209,9.6126e-05,0.9999
716151858,"Existing Customer",46,"M",3,"Unknown","Single","$80K - $120K","Blue",36,5,1,3,12932,1893,11039,0.804,15372,97,0.796,0.146,0.00010566,0.99989
717241233,"Existing Customer",60,"F",1,"Unknown","Single","Less than $40K","Blue",51,3,3,3,6089,1341,4748,0.757,14112,123,0.809,0.22,0.00031211,0.99969
713880633,"Attrited Customer",53,"M",2,"Unknown","Single","$60K - $80K","Blue",43,2,2,3,5905,0,5905,0.797,8883,83,0.729,0,0.99527,0.00472896
712374708,"Existing Customer",28,"F",0,"Graduate","Married","Unknown","Blue",15,2,2,2,23103,897,22206,0.913,14049,120,0.714,0.039,9.7673e-05,0.9999
721145433,"Existing Customer",52,"F",5,"High School","Single","Less than $40K","Silver",36,3,2,2,11280,1523,9757,0.765,16237,128,0.753,0.135,0.00010322,0.9999
711398433,"Existing Customer",38,"M",0,"High School","Married","$60K - $80K","Blue",31,4,3,3,16565,1200,15365,0.68,16736,99,0.8,0.072,0.00025237,0.99975
715601808,"Existing Customer",50,"M",3,"Graduate","Married","$120K +","Blue",41,4,2,3,34516,2253,32263,1.032,16692,131,0.795,0.065,0.00019864,0.9998
717324183,"Existing Customer",31,"F",0,"High School","Single","Less than $40K","Silver",21,3,1,3,14305,1288,13017,0.774,14769,119,0.63,0.09,6.9827e-05,0.99993
720557883,"Existing Customer",35,"M",3,"Uneducated","Single","Less than $40K","Blue",21,5,2,1,6104,1595,4509,0.619,15240,102,0.729,0.261,7.3235e-05,0.99993
708759408,"Existing Customer",48,"F",3,"Uneducated","Single","$40K - $60K","Blue",39,6,3,2,4207,0,4207,0.923,15124,108,0.714,0,0.00019191,0.99981
719430483,"Existing Customer",51,"M",3,"College","Married","$120K +","Blue",40,3,3,2,34516,1476,33040,0.763,14145,119,0.776,0.043,0.00018146,0.99982
758753283,"Attrited Customer",52,"M",3,"Doctorate","Married","$120K +","Blue",45,1,3,3,34516,550,33966,0.674,7341,71,0.732,0.016,0.9978,0.00219584
716933283,"Existing Customer",52,"M",2,"High School","Single","$60K - $80K","Gold",39,4,1,1,34516,1882,32634,0.743,14738,116,0.758,0.055,3.72e-05,0.99996
773172483,"Attrited Customer",30,"M",0,"Graduate","Married","$40K - $60K","Blue",23,6,2,4,4063,0,4063,0.776,7463,70,0.707,0,0.99645,0.0035547
721459008,"Existing Customer",36,"M",2,"High School","Single","$120K +","Blue",36,4,1,2,11791,1168,10623,0.662,14885,101,0.629,0.099,5.3542e-05,0.99995
710639658,"Attrited Customer",29,"M",1,"High School","Single","$60K - $80K","Blue",17,6,1,3,17744,829,16915,0.851,9658,78,0.773,0.047,0.98831,0.01169
710710233,"Existing Customer",58,"M",4,"Graduate","Married","$120K +","Silver",45,4,2,3,34516,0,34516,0.849,15560,100,0.724,0,0.00018141,0.99982
708996708,"Existing Customer",55,"M",1,"Graduate","Single","$80K - $120K","Blue",46,3,1,1,21032,1409,19623,0.767,15584,105,0.81,0.067,3.1176e-05,0.99997
713315433,"Existing Customer",61,"M",2,"Uneducated","Married","$60K - $80K","Blue",48,4,1,2,18571,0,18571,0.594,15802,118,0.686,0,5.663e-05,0.99994
712941483,"Attrited Customer",51,"F",4,"Post-Graduate","Married","$40K - $60K","Silver",43,1,3,3,3735,0,3735,0.762,6826,61,0.848,0,0.99705,0.00295494
789890958,"Existing Customer",53,"F",4,"High School","Divorced","$40K - $60K","Blue",43,3,1,2,10948,482,10466,0.742,16230,111,0.947,0.044,5.6153e-05,0.99994
714757083,"Attrited Customer",44,"M",4,"Uneducated","Married","$60K - $80K","Silver",37,1,2,2,29076,0,29076,0.77,8765,84,1.211,0,0.99106,0.00894
789237333,"Existing Customer",47,"M",4,"Post-Graduate","Divorced","$60K - $80K","Blue",36,4,2,5,20237,1593,18644,0.811,15041,102,1,0.079,0.00069714,0.9993
714949758,"Existing Customer",51,"F",3,"Graduate","Single","Unknown","Platinum",42,3,1,4,34516,1913,32603,0.851,16712,123,0.708,0.055,0.00028487,0.99972
714136233,"Attrited Customer",53,"M",4,"Graduate","Married","$120K +","Blue",38,5,2,3,34516,0,34516,0.854,8417,72,0.714,0,0.99504,0.00495524
778888083,"Attrited Customer",45,"F",2,"Graduate","Married","$40K - $60K","Blue",26,6,2,4,4307,0,4307,0.743,8697,62,0.59,0,0.99695,0.00305189
710923533,"Existing Customer",38,"M",4,"Unknown","Single","$120K +","Blue",31,3,2,3,34516,0,34516,0.604,15611,127,0.693,0,0.00022068,0.99978
709385133,"Existing Customer",42,"F",2,"Doctorate","Married","Unknown","Blue",30,4,3,5,14828,1513,13315,0.748,15572,113,0.614,0.102,0.0012912,0.99871
716836308,"Existing Customer",29,"M",1,"Graduate","Divorced","Less than $40K","Blue",36,4,3,2,3839,1139,2700,0.632,14791,124,0.771,0.297,0.00016883,0.99983
720633558,"Existing Customer",37,"F",3,"Graduate","Divorced","Less than $40K","Blue",24,3,3,4,3727,995,2732,0.743,14786,101,0.656,0.267,0.00053543,0.99946
712846458,"Existing Customer",45,"M",4,"High School","Divorced","$80K - $120K","Blue",39,5,3,4,14290,1432,12858,0.815,14709,125,0.689,0.1,0.00052608,0.99947
709399908,"Existing Customer",34,"F",2,"Graduate","Single","$40K - $60K","Blue",23,4,2,2,7594,1442,6152,0.753,15026,99,0.678,0.19,0.00011382,0.99989
772698783,"Existing Customer",50,"F",2,"College","Married","Less than $40K","Blue",40,3,2,4,8416,1549,6867,0.643,13988,124,0.771,0.184,0.00031749,0.99968
718665033,"Attrited Customer",44,"M",5,"Doctorate","Single","$60K - $80K","Silver",36,2,3,4,34140,0,34140,0.877,8177,76,0.52,0,0.99857,0.00143279
771561183,"Attrited Customer",42,"F",4,"Graduate","Single","$40K - $60K","Blue",30,6,3,3,13753,2517,11236,0.652,7464,66,0.692,0.183,0.99686,0.00314112
789008508,"Existing Customer",44,"M",4,"College","Married","$80K - $120K","Blue",31,2,1,1,3472,1687,1785,0.645,13999,119,0.725,0.486,3.3866e-05,0.99997
719439108,"Existing Customer",42,"M",1,"Graduate","Married","$40K - $60K","Silver",34,3,3,2,15315,1613,13702,0.859,14728,100,0.754,0.105,0.00015255,0.99985
720817533,"Existing Customer",54,"M",1,"Uneducated","Married","$120K +","Blue",40,4,1,2,12086,1264,10822,0.986,15559,91,0.717,0.105,5.3155e-05,0.99995
813901458,"Existing Customer",60,"M",1,"High School","Single","$60K - $80K","Silver",55,5,5,3,34516,1642,32874,0.709,14954,95,0.696,0.048,0.00027858,0.99972
717783483,"Existing Customer",47,"F",5,"Post-Graduate","Divorced","Less than $40K","Blue",30,4,1,2,5016,2286,2730,0.669,17038,122,0.649,0.456,6.6908e-05,0.99993
718299933,"Existing Customer",42,"M",3,"High School","Married","$40K - $60K","Blue",30,3,3,4,4333,739,3594,0.69,15903,100,0.754,0.171,0.00052052,0.99948
789074358,"Existing Customer",46,"M",2,"High School","Single","$60K - $80K","Blue",34,2,2,1,10325,0,10325,0.866,16856,122,0.718,0,6.6728e-05,0.99993
712036383,"Attrited Customer",49,"M",4,"High School","Single","$60K - $80K","Blue",30,6,3,3,18418,0,18418,0.918,9980,68,0.744,0,0.99677,0.00323086
720618033,"Existing Customer",43,"F",3,"College","Married","$40K - $60K","Blue",36,1,3,2,9633,0,9633,0.638,14829,90,0.8,0,0.00018146,0.99982
720415833,"Existing Customer",47,"M",2,"High School","Married","$60K - $80K","Blue",32,3,5,2,3842,1563,2279,0.781,14751,107,0.726,0.407,0.0001953,0.9998
720385608,"Existing Customer",45,"M",3,"College","Unknown","$80K - $120K","Blue",31,2,1,4,20958,1936,19022,0.772,14314,99,0.768,0.092,0.00015944,0.99984
709937583,"Existing Customer",45,"F",2,"High School","Single","Unknown","Blue",34,4,3,2,3024,1835,1189,0.793,14220,108,0.662,0.607,0.00017486,0.99983
770743983,"Existing Customer",34,"F",3,"Uneducated","Single","$40K - $60K","Blue",20,1,2,3,8698,874,7824,0.708,15683,94,0.709,0.1,0.00020424,0.9998
715671183,"Attrited Customer",43,"M",3,"Uneducated","Married","$80K - $120K","Blue",31,6,3,4,6824,2517,4307,0.972,9045,67,0.595,0.369,0.99819,0.00181217
711283008,"Existing Customer",50,"M",1,"High School","Single","$80K - $120K","Silver",36,4,5,3,34516,0,34516,0.732,16019,105,0.694,0,0.00027858,0.99972
778873608,"Existing Customer",44,"M",4,"Uneducated","Married","$80K - $120K","Silver",25,3,1,1,34516,1984,32532,0.734,14335,116,0.758,0.057,3.2362e-05,0.99997
709592808,"Existing Customer",38,"F",2,"Graduate","Single","Less than $40K","Blue",28,5,3,4,3311,1556,1755,0.652,14470,103,0.746,0.47,0.000516,0.99948
773306658,"Existing Customer",54,"M",1,"Unknown","Single","$60K - $80K","Blue",48,4,5,4,4752,1230,3522,0.883,15678,103,0.717,0.259,0.00059459,0.99941
822084333,"Attrited Customer",51,"M",3,"High School","Married","$80K - $120K","Blue",47,2,4,3,4041,0,4041,0.67,8219,84,0.909,0,0.9973,0.00270332
708821733,"Attrited Customer",43,"F",3,"Unknown","Single","$40K - $60K","Silver",36,2,3,4,19713,531,19182,0.792,8301,70,0.591,0.027,0.99812,0.00187593
711070683,"Existing Customer",48,"F",3,"Post-Graduate","Married","$40K - $60K","Blue",37,4,1,2,6725,493,6232,0.72,13891,106,0.606,0.073,6.7249e-05,0.99993
772596783,"Existing Customer",31,"M",1,"Graduate","Unknown","Less than $40K","Gold",21,3,2,2,15261,1109,14152,0.655,15442,125,0.761,0.073,0.00012309,0.99988
806917983,"Existing Customer",32,"F",2,"Graduate","Divorced","Unknown","Silver",27,2,3,1,33779,1526,32253,0.879,15200,126,0.8,0.045,9.8015e-05,0.9999
719329983,"Existing Customer",42,"F",3,"Unknown","Unknown","Unknown","Blue",36,6,1,2,15648,0,15648,0.731,13784,88,0.913,0,6.282e-05,0.99994
710190858,"Existing Customer",28,"M",1,"Unknown","Unknown","$40K - $60K","Blue",15,5,2,4,9283,2288,6995,0.928,13804,110,0.719,0.246,0.00033692,0.99966
708880683,"Existing Customer",49,"M",5,"College","Married","$40K - $60K","Blue",40,4,3,4,3970,892,3078,0.772,13697,102,0.759,0.225,0.00051793,0.99948
709332408,"Existing Customer",44,"F",1,"High School","Single","Less than $40K","Blue",36,3,3,3,6159,1640,4519,0.619,13517,106,0.656,0.266,0.00027604,0.99972
710751033,"Attrited Customer",31,"F",1,"Graduate","Single","Less than $40K","Blue",13,1,1,3,4829,0,4829,0.836,8286,65,0.857,0,0.98863,0.01137
710679933,"Attrited Customer",59,"M",1,"Graduate","Single","$80K - $120K","Blue",54,2,5,4,15633,0,15633,0.984,8660,58,0.758,0,0.99816,0.00184416
710849208,"Existing Customer",47,"M",2,"Post-Graduate","Single","$120K +","Silver",35,3,3,4,34516,1652,32864,0.756,14738,113,0.766,0.048,0.0005486,0.99945
710056758,"Existing Customer",51,"M",4,"High School","Single","$40K - $60K","Blue",36,2,2,4,10017,1850,8167,0.622,15635,116,0.681,0.185,0.00033294,0.99967
713520858,"Existing Customer",53,"F",1,"College","Single","Less than $40K","Blue",38,3,3,2,3895,1981,1914,0.839,16023,119,0.725,0.509,0.00016415,0.99984
714710733,"Existing Customer",51,"M",3,"Unknown","Single","$80K - $120K","Blue",36,4,1,2,5611,0,5611,0.697,16557,120,0.622,0,6.282e-05,0.99994
766769058,"Existing Customer",51,"M",1,"Graduate","Single","$40K - $60K","Gold",44,3,3,3,22722,1790,20932,0.813,15817,121,0.754,0.079,0.00032713,0.99967
716990883,"Existing Customer",38,"M",5,"Unknown","Married","$80K - $120K","Blue",26,5,1,2,16033,766,15267,0.682,15260,115,0.855,0.048,6.2502e-05,0.99994
718298733,"Existing Customer",40,"M",4,"High School","Single","$80K - $120K","Blue",29,3,3,2,12978,0,12978,0.628,14134,85,0.7,0,0.00018339,0.99982
717174558,"Attrited Customer",57,"F",1,"Uneducated","Single","Less than $40K","Blue",46,2,3,3,9129,0,9129,0.733,7733,81,0.884,0,0.99659,0.00341249
714543633,"Attrited Customer",45,"F",3,"Unknown","Single","Less than $40K","Blue",36,1,2,5,7500,0,7500,0.576,8024,78,0.696,0,0.99845,0.00154849
715756683,"Existing Customer",50,"M",4,"Graduate","Single","$80K - $120K","Blue",36,3,2,4,14804,1696,13108,0.959,15237,111,0.734,0.115,0.00034248,0.99966
719400108,"Existing Customer",53,"M",3,"Unknown","Single","$80K - $120K","Blue",43,4,3,4,34516,1084,33432,0.686,14319,124,0.699,0.031,0.00058851,0.99941
710463408,"Existing Customer",47,"M",3,"Unknown","Married","$80K - $120K","Blue",36,3,2,3,9683,1116,8567,0.721,15627,104,0.825,0.115,0.00021834,0.99978
708245808,"Existing Customer",35,"M",3,"Graduate","Married","$60K - $80K","Blue",36,4,1,4,19671,924,18747,0.82,13908,124,0.676,0.047,0.00016399,0.99984
799253808,"Existing Customer",42,"M",3,"High School","Married","$80K - $120K","Silver",36,5,2,3,34516,1294,33222,0.679,13845,120,0.791,0.037,0.00017449,0.99983
716552433,"Existing Customer",40,"F",4,"Uneducated","Married","Less than $40K","Blue",36,4,1,2,5056,1067,3989,0.749,15926,117,0.519,0.211,5.9391e-05,0.99994
720995583,"Existing Customer",48,"M",2,"Graduate","Divorced","$60K - $80K","Silver",33,3,2,2,25217,1754,23463,0.712,15054,110,0.833,0.07,0.00010284,0.9999
780118158,"Existing Customer",27,"M",0,"Graduate","Single","Less than $40K","Blue",13,2,2,4,3585,2420,1165,0.812,15656,124,0.746,0.675,0.00028024,0.99972
713668158,"Attrited Customer",31,"F",1,"Uneducated","Single","Unknown","Blue",36,2,3,3,21067,0,21067,0.995,9212,71,0.821,0,0.99659,0.00341249
709249083,"Attrited Customer",40,"M",2,"Unknown","Single","$60K - $80K","Blue",20,4,2,4,4283,0,4283,0.878,8672,64,1.207,0,0.99722,0.00277723
717081483,"Existing Customer",37,"M",2,"Graduate","Divorced","$80K - $120K","Blue",25,3,2,2,25187,2209,22978,0.799,16606,96,0.778,0.088,0.00011382,0.99989
718455633,"Existing Customer",60,"F",0,"Graduate","Single","Unknown","Gold",55,4,3,2,7469,2517,4952,0.656,16328,124,0.771,0.337,0.00017783,0.99982
708974283,"Existing Customer",50,"M",4,"Graduate","Married","$60K - $80K","Blue",34,5,1,1,18142,0,18142,0.857,15427,95,0.792,0,3.4833e-05,0.99997
713399583,"Attrited Customer",49,"M",2,"Unknown","Married","$80K - $120K","Blue",39,2,3,4,29865,2097,27768,0.902,8636,74,0.947,0.07,0.99824,0.00175907
713293983,"Existing Customer",52,"M",3,"Post-Graduate","Divorced","$60K - $80K","Blue",33,5,3,2,3388,2517,871,0.919,15313,91,0.784,0.743,0.00021962,0.99978
714785508,"Existing Customer",49,"M",2,"High School","Single","$80K - $120K","Silver",40,4,3,2,34516,1313,33203,0.583,15154,99,0.833,0.038,0.000158,0.99984
827318958,"Existing Customer",49,"F",4,"Unknown","Single","Less than $40K","Blue",45,5,3,2,9431,1785,7646,0.603,14261,99,0.65,0.189,0.00020735,0.99979
718496283,"Existing Customer",42,"F",1,"College","Single","Unknown","Silver",31,6,2,3,30770,2228,28542,0.712,15998,121,0.704,0.072,0.00015785,0.99984
709608708,"Attrited Customer",29,"M",1,"Graduate","Married","$60K - $80K","Blue",17,5,1,4,6500,2517,3983,0.915,9451,79,0.646,0.387,0.9933,0.0067
710939283,"Existing Customer",45,"F",3,"Uneducated","Divorced","$40K - $60K","Blue",36,3,2,4,4209,1300,2909,0.75,16078,105,0.615,0.309,0.00034841,0.99965
770824833,"Existing Customer",32,"M",1,"Graduate","Divorced","$40K - $60K","Blue",19,2,3,5,3657,1135,2522,0.795,16236,94,0.808,0.31,0.00083788,0.99916
779082633,"Existing Customer",30,"M",2,"Uneducated","Single","$60K - $80K","Blue",13,3,2,3,4107,979,3128,0.647,14596,104,0.733,0.238,0.00019683,0.9998
720515883,"Existing Customer",57,"F",1,"Graduate","Married","Less than $40K","Blue",46,4,3,2,3638,0,3638,0.837,16469,115,0.667,0,0.00016883,0.99983
747885858,"Existing Customer",39,"F",2,"Graduate","Single","Less than $40K","Blue",31,5,3,3,8325,2048,6277,0.92,14571,91,0.655,0.246,0.00030251,0.9997
779140533,"Existing Customer",49,"M",2,"Doctorate","Married","$120K +","Blue",34,3,6,4,27124,2311,24813,0.73,15195,121,0.729,0.085,0.00058941,0.99941
716619558,"Existing Customer",38,"F",0,"High School","Single","Less than $40K","Silver",36,4,3,2,13747,1941,11806,0.748,16401,119,0.608,0.141,0.00013558,0.99986
788633733,"Existing Customer",36,"M",3,"Graduate","Married","$60K - $80K","Silver",13,4,3,2,28174,1173,27001,0.779,16258,108,0.714,0.042,0.00016865,0.99983
715291908,"Existing Customer",31,"M",1,"College","Single","$40K - $60K","Blue",36,3,1,2,11109,2045,9064,0.625,13988,92,0.84,0.184,5.0261e-05,0.99995
709977933,"Attrited Customer",52,"M",5,"Uneducated","Married","$80K - $120K","Blue",44,2,3,4,9959,199,9760,1.003,8517,60,0.5,0.02,0.99818,0.00182139
716454858,"Existing Customer",35,"F",2,"Graduate","Married","Less than $40K","Blue",28,6,1,3,4014,2266,1748,0.718,14257,94,0.958,0.565,9.2637e-05,0.99991
720539583,"Existing Customer",46,"M",4,"Unknown","Single","$60K - $80K","Blue",31,4,1,4,21226,1202,20024,0.755,14103,96,0.655,0.057,0.00018218,0.99982
739021908,"Existing Customer",56,"F",2,"Unknown","Married","$40K - $60K","Blue",49,3,3,2,3681,0,3681,0.693,13222,112,0.931,0,0.00019771,0.9998
711289533,"Existing Customer",39,"M",4,"Post-Graduate","Single","$80K - $120K","Blue",32,5,3,2,26710,1681,25029,0.741,14043,117,0.746,0.063,0.00022196,0.99978
716464533,"Existing Customer",32,"F",1,"Graduate","Married","Less than $40K","Blue",36,4,3,3,9550,2517,7033,0.713,13783,116,0.841,0.264,0.00028395,0.99972
710590683,"Attrited Customer",33,"M",2,"Unknown","Married","$120K +","Blue",36,3,3,5,16127,0,16127,0.769,7729,82,1,0,0.99898,0.00101725
710081208,"Attrited Customer",52,"M",2,"College","Single","$120K +","Blue",32,4,3,1,4935,0,4935,0.713,7886,64,0.882,0,0.99061,0.00939
717482658,"Existing Customer",55,"M",2,"High School","Single","$80K - $120K","Blue",36,3,2,2,18022,0,18022,0.823,14485,106,0.738,0,0.00011065,0.99989
712246983,"Existing Customer",50,"M",4,"High School","Married","$80K - $120K","Blue",43,2,2,5,16748,2413,14335,0.769,15338,121,0.635,0.144,0.00057602,0.99942
711460458,"Attrited Customer",44,"M",1,"Uneducated","Married","$40K - $60K","Blue",34,5,2,3,10973,0,10973,0.792,10583,75,0.786,0,0.99462,0.00538
713159133,"Existing Customer",32,"F",2,"High School","Single","Less than $40K","Silver",23,4,2,2,14143,1472,12671,0.777,13785,117,0.648,0.104,9.9979e-05,0.9999
710047533,"Attrited Customer",51,"M",3,"Graduate","Single","$80K - $120K","Gold",36,4,3,3,34516,2201,32315,0.978,8614,63,0.75,0.064,0.99724,0.00275658
716708583,"Attrited Customer",54,"M",4,"Graduate","Married","$120K +","Blue",36,2,3,5,7684,0,7684,0.61,7667,68,0.789,0,0.99893,0.00106612
712766208,"Attrited Customer",45,"M",5,"Uneducated","Single","$120K +","Silver",36,4,2,1,34516,0,34516,0.732,8603,84,0.615,0,0.98504,0.01496
715150983,"Attrited Customer",44,"F",3,"Unknown","Single","Unknown","Blue",34,2,3,3,26021,0,26021,1.04,8898,60,0.538,0,0.99711,0.00288892
717991533,"Existing Customer",44,"M",2,"Uneducated","Married","$40K - $60K","Blue",36,3,3,2,3843,1460,2383,0.811,16461,105,0.909,0.38,0.00018494,0.99982
797641683,"Existing Customer",40,"M",3,"Uneducated","Married","$80K - $120K","Blue",34,4,3,2,14840,2043,12797,0.778,16256,111,0.85,0.138,0.00019191,0.99981
714879483,"Attrited Customer",39,"M",4,"Graduate","Married","$80K - $120K","Blue",31,1,3,3,3929,542,3387,0.811,7773,64,0.73,0.138,0.99686,0.00314112
720105933,"Existing Customer",48,"M",3,"Uneducated","Divorced","$40K - $60K","Blue",35,3,5,3,11427,2307,9120,0.848,15243,107,0.754,0.202,0.00036048,0.99964
804670758,"Existing Customer",48,"F",5,"Unknown","Divorced","Unknown","Blue",43,4,3,2,20974,2249,18725,0.567,15903,121,0.571,0.107,0.00020412,0.9998
818987958,"Existing Customer",43,"M",4,"Graduate","Unknown","$40K - $60K","Blue",38,5,1,3,3771,0,3771,0.675,14662,125,0.667,0,9.7154e-05,0.9999
824160333,"Existing Customer",56,"M",2,"High School","Unknown","$120K +","Blue",52,6,2,2,23362,1453,21909,0.848,15399,116,0.841,0.062,0.00011065,0.99989
714919308,"Attrited Customer",32,"F",0,"Graduate","Single","Less than $40K","Blue",36,5,3,3,8135,0,8135,0.841,8620,67,0.971,0,0.99616,0.0038363
717928308,"Existing Customer",40,"F",1,"Uneducated","Single","Less than $40K","Silver",34,5,2,2,13669,1774,11895,0.653,15772,130,0.625,0.13,9.9255e-05,0.9999
788890533,"Existing Customer",54,"M",2,"College","Married","$80K - $120K","Silver",39,4,1,4,34516,2305,32211,0.586,13756,106,0.71,0.067,0.00013883,0.99986
779692608,"Existing Customer",36,"M",1,"Uneducated","Married","$60K - $80K","Blue",19,6,3,5,9764,0,9764,0.689,15097,115,0.797,0,0.00086149,0.99914
717774333,"Attrited Customer",48,"M",3,"High School","Married","$60K - $80K","Blue",36,1,2,5,8431,0,8431,0.222,5189,57,0.357,0,0.99825,0.00175053
718140783,"Existing Customer",47,"M",4,"Unknown","Married","$60K - $80K","Blue",36,4,5,2,10585,1749,8836,0.655,18484,108,0.588,0.165,0.00023159,0.99977
714465558,"Existing Customer",41,"M",4,"Unknown","Married","$120K +","Silver",36,3,1,4,34516,2205,32311,0.897,15033,98,0.922,0.064,0.00016461,0.99984
804431283,"Existing Customer",57,"F",1,"Graduate","Married","Less than $40K","Blue",52,5,1,2,7882,1101,6781,0.682,14651,120,0.6,0.14,5.1697e-05,0.99995
715199808,"Existing Customer",39,"F",3,"Graduate","Unknown","Unknown","Silver",30,6,3,5,33905,2070,31835,0.685,15335,99,0.768,0.061,0.00083696,0.99916
759584958,"Attrited Customer",51,"F",1,"Graduate","Married","Unknown","Silver",44,4,2,4,33004,2418,30586,0.923,10156,72,0.946,0.073,0.9964,0.0035965
758802333,"Existing Customer",40,"M",2,"Graduate","Single","$120K +","Blue",33,3,1,2,20891,1213,19678,0.717,14641,117,0.773,0.058,5.5077e-05,0.99994
720237408,"Existing Customer",59,"M",1,"Doctorate","Single","$80K - $120K","Blue",49,4,2,2,22715,707,22008,0.848,15004,117,0.887,0.031,0.0001546,0.99985
713787333,"Existing Customer",46,"M",2,"High School","Single","Less than $40K","Blue",36,5,1,0,3818,1142,2676,0.709,14731,113,0.948,0.299,1.975e-05,0.99998
709660233,"Attrited Customer",52,"M",3,"Unknown","Single","$80K - $120K","Blue",44,1,2,4,3526,2429,1097,0.712,7775,63,0.909,0.689,0.99732,0.00267667
721005108,"Existing Customer",41,"M",0,"College","Married","$40K - $60K","Blue",29,3,2,2,6991,1384,5607,0.66,14994,104,0.733,0.198,9.496e-05,0.99991
809589783,"Existing Customer",41,"M",4,"Post-Graduate","Married","$40K - $60K","Silver",36,3,3,2,16268,817,15451,0.64,13969,120,0.69,0.05,0.00020056,0.9998
712627083,"Attrited Customer",38,"M",4,"Uneducated","Married","$80K - $120K","Blue",25,5,2,4,5768,0,5768,0.924,9867,78,0.902,0,0.99717,0.0028308
778444908,"Existing Customer",57,"M",2,"Graduate","Married","$120K +","Silver",39,4,2,3,34516,1444,33072,0.568,16392,116,0.657,0.042,0.00017297,0.99983
711433908,"Attrited Customer",41,"F",3,"Uneducated","Married","Less than $40K","Blue",30,1,2,3,9491,0,9491,1.056,9061,51,1.684,0,0.99513,0.00487126
768728508,"Existing Customer",45,"F",5,"Doctorate","Married","Less than $40K","Gold",39,6,3,2,15987,1096,14891,0.625,14209,103,0.776,0.069,0.00030958,0.99969
789937683,"Existing Customer",37,"M",3,"Post-Graduate","Married","$40K - $60K","Blue",28,4,1,2,3645,701,2944,0.654,15559,120,0.739,0.192,6.7249e-05,0.99993
711788583,"Existing Customer",61,"F",1,"Graduate","Single","Less than $40K","Blue",36,3,2,2,3466,1444,2022,0.653,15075,124,0.699,0.417,0.00010684,0.99989
819196158,"Existing Customer",49,"F",2,"Unknown","Single","Less than $40K","Blue",44,5,2,3,9797,998,8799,0.886,15013,116,0.841,0.102,0.00021042,0.99979
710207208,"Existing Customer",31,"F",1,"Unknown","Single","Less than $40K","Blue",18,3,1,3,3399,1800,1599,0.752,13148,121,0.806,0.53,9.5577e-05,0.9999
713994108,"Existing Customer",40,"M",5,"High School","Married","$60K - $80K","Blue",33,3,1,2,4155,1315,2840,0.767,15851,128,0.855,0.316,5.5277e-05,0.99994
712509108,"Attrited Customer",46,"F",3,"Doctorate","Single","Less than $40K","Gold",36,1,3,5,15164,532,14632,0.858,8356,68,0.478,0.035,0.99935,0.00064654
711745233,"Attrited Customer",30,"F",0,"High School","Single","Unknown","Blue",22,1,2,4,13894,0,13894,0.845,9351,69,0.533,0,0.99634,0.00365621
778745058,"Existing Customer",50,"M",3,"High School","Single","$80K - $120K","Silver",41,2,2,1,34516,0,34516,0.627,15059,118,0.735,0,6.2564e-05,0.99994
721455558,"Existing Customer",56,"M",0,"Graduate","Single","$60K - $80K","Blue",44,1,3,2,6828,1859,4969,0.752,14713,104,0.677,0.272,0.00015435,0.99985
710721858,"Attrited Customer",46,"F",3,"Unknown","Married","$40K - $60K","Blue",37,2,3,4,5542,0,5542,0.808,8246,59,0.639,0,0.9983,0.00169532
769206483,"Existing Customer",58,"M",3,"Unknown","Married","$120K +","Blue",52,3,3,3,15733,2101,13632,0.597,13986,97,0.764,0.134,0.00034503,0.99965
769587258,"Existing Customer",38,"M",3,"College","Single","$60K - $80K","Silver",32,4,2,2,30082,1671,28411,0.707,15240,126,0.8,0.056,0.00010375,0.9999
712080333,"Existing Customer",46,"M",2,"High School","Divorced","$120K +","Blue",34,3,2,4,3659,1381,2278,0.669,16252,112,0.623,0.377,0.00031746,0.99968
712457208,"Attrited Customer",58,"M",1,"Graduate","Single","$80K - $120K","Blue",36,6,3,4,22718,0,22718,0.747,8100,77,0.833,0,0.99794,0.00205937
719934783,"Existing Customer",43,"M",3,"Doctorate","Married","$80K - $120K","Blue",27,4,2,2,3676,673,3003,0.629,14651,105,0.78,0.183,0.00017091,0.99983
709589208,"Existing Customer",53,"M",0,"Graduate","Single","$60K - $80K","Blue",35,3,1,3,17721,596,17125,0.694,14409,83,0.844,0.034,7.9494e-05,0.99992
714860808,"Existing Customer",59,"F",1,"Graduate","Single","Less than $40K","Blue",39,5,3,2,4404,2272,2132,0.809,15709,93,0.722,0.516,0.00016883,0.99983
713934633,"Attrited Customer",40,"F",4,"Uneducated","Divorced","Less than $40K","Blue",35,2,3,3,4423,2517,1906,0.84,8935,87,0.933,0.569,0.99694,0.00305523
773185833,"Existing Customer",49,"M",3,"High School","Married","$60K - $80K","Gold",42,3,1,4,34516,0,34516,0.838,15095,102,0.759,0,0.00018367,0.99982
715923408,"Existing Customer",30,"F",0,"College","Married","Less than $40K","Blue",19,4,2,3,4184,1254,2930,0.549,14999,110,0.719,0.3,0.00015971,0.99984
778956033,"Existing Customer",51,"M",1,"Graduate","Married","$80K - $120K","Blue",32,3,2,3,34516,1549,32967,0.892,15151,104,0.677,0.045,0.00017969,0.99982
712260633,"Existing Customer",47,"F",5,"Doctorate","Single","Unknown","Blue",36,4,1,4,26923,2461,24462,0.602,13643,94,0.918,0.091,0.0002361,0.99976
714945708,"Attrited Customer",33,"M",4,"College","Single","$40K - $60K","Silver",20,2,1,3,15977,0,15977,0.702,7745,64,0.684,0,0.98842,0.01158
720971358,"Existing Customer",59,"M",0,"High School","Single","$80K - $120K","Blue",47,5,3,3,26812,1491,25321,0.679,14838,110,0.642,0.056,0.00025237,0.99975
719701383,"Existing Customer",44,"M",4,"Unknown","Married","$60K - $80K","Blue",32,4,3,3,5175,0,5175,0.72,14304,99,0.768,0,0.00034872,0.99965
764316708,"Existing Customer",30,"F",1,"High School","Single","Less than $40K","Blue",23,3,2,2,3955,2352,1603,0.779,16423,109,0.758,0.595,0.00010386,0.9999
715545933,"Existing Customer",43,"M",5,"Graduate","Married","$120K +","Blue",36,6,2,4,22355,2179,20176,0.726,14268,99,0.8,0.097,0.00033714,0.99966
714524583,"Attrited Customer",56,"M",3,"Uneducated","Married","$80K - $120K","Blue",46,1,3,3,23240,1534,21706,0.971,9441,82,0.907,0.066,0.99691,0.00308778
780079833,"Existing Customer",43,"M",3,"Graduate","Divorced","$60K - $80K","Blue",28,3,3,4,5479,1183,4296,0.596,14728,126,0.909,0.216,0.00053543,0.99946
714199008,"Attrited Customer",50,"M",2,"Unknown","Married","$120K +","Blue",36,6,2,2,16081,492,15589,0.204,6100,61,0.564,0.031,0.99207,0.00793
719941533,"Existing Customer",32,"F",1,"Graduate","Married","Less than $40K","Blue",20,3,1,4,5497,1735,3762,0.664,16266,124,0.771,0.316,0.00014834,0.99985
715544883,"Existing Customer",39,"M",1,"Graduate","Married","Less than $40K","Silver",30,4,3,3,14135,630,13505,0.64,13703,99,0.768,0.045,0.00025657,0.99974
710122458,"Existing Customer",38,"M",2,"High School","Single","$60K - $80K","Silver",36,5,3,2,31546,2057,29489,0.625,15311,108,0.714,0.065,0.000158,0.99984
713833233,"Existing Customer",49,"M",5,"Uneducated","Married","$80K - $120K","Silver",30,3,3,2,34516,1768,32748,0.767,15134,124,0.722,0.051,0.00017252,0.99983
719326758,"Attrited Customer",52,"F",0,"Doctorate","Married","Less than $40K","Blue",36,4,3,2,4353,1489,2864,0.945,9226,85,1.073,0.342,0.99554,0.00445616
711686658,"Existing Customer",48,"M",5,"High School","Married","$80K - $120K","Silver",40,6,2,2,34516,1417,33099,0.692,16579,109,0.879,0.041,0.00010322,0.9999
708964683,"Existing Customer",48,"F",4,"College","Unknown","Unknown","Blue",36,3,2,1,3310,0,3310,0.748,14542,89,0.854,0,6.9988e-05,0.99993
718840833,"Attrited Customer",49,"M",3,"High School","Single","$40K - $60K","Blue",36,1,3,4,4601,0,4601,0.962,9610,76,0.689,0,0.99808,0.00191647
797228883,"Existing Customer",46,"M",2,"High School","Married","$40K - $60K","Blue",40,3,3,0,3981,0,3981,0.626,14340,114,0.781,0,6.4505e-05,0.99994
709566408,"Attrited Customer",40,"F",2,"Graduate","Single","Less than $40K","Blue",30,5,3,6,4458,0,4458,0.935,9640,70,0.707,0,0.99936,0.00063727
780097533,"Existing Customer",48,"M",3,"Doctorate","Divorced","$80K - $120K","Blue",33,4,1,2,10292,0,10292,0.656,15148,111,0.79,0,8.2704e-05,0.99992
715020933,"Attrited Customer",44,"F",4,"High School","Unknown","Unknown","Blue",34,4,3,4,15944,0,15944,0.919,9360,67,0.763,0,0.9981,0.00189625
711149133,"Attrited Customer",30,"F",1,"Graduate","Married","Unknown","Blue",18,4,1,4,4377,2517,1860,0.941,8759,74,0.609,0.575,0.9933,0.0067
716832858,"Attrited Customer",46,"M",3,"Graduate","Married","$60K - $80K","Blue",34,1,2,4,4930,159,4771,0.592,7412,60,0.579,0.032,0.99706,0.00294141
715154058,"Attrited Customer",49,"F",0,"Unknown","Married","Less than $40K","Blue",39,1,3,3,4982,2517,2465,0.903,9274,65,0.857,0.505,0.99651,0.0034913
789497283,"Attrited Customer",50,"M",2,"High School","Single","$120K +","Blue",42,1,3,2,34162,1723,32439,0.429,7572,56,0.697,0.05,0.99431,0.00569
711834708,"Existing Customer",55,"M",4,"College","Married","$80K - $120K","Blue",40,4,2,5,4047,1482,2565,0.959,16191,102,0.789,0.366,0.00057607,0.99942
785038908,"Existing Customer",43,"F",0,"Graduate","Married","Less than $40K","Blue",37,3,1,4,6380,1160,5220,0.753,17119,124,0.797,0.182,0.00013562,0.99986
720001758,"Existing Customer",42,"F",1,"Graduate","Single","Less than $40K","Blue",34,5,1,3,3534,1175,2359,0.737,13588,94,0.808,0.332,8.6952e-05,0.99991
778428108,"Existing Customer",36,"F",1,"Graduate","Single","Less than $40K","Blue",16,6,5,3,6091,1184,4907,0.766,17437,113,0.766,0.194,0.00031714,0.99968
715268508,"Existing Customer",42,"M",3,"Graduate","Married","$40K - $60K","Gold",36,3,2,5,23981,1399,22582,0.712,14840,125,0.761,0.058,0.00067538,0.99932
788741733,"Existing Customer",53,"F",1,"Graduate","Married","Less than $40K","Blue",32,4,2,3,7832,1784,6048,0.711,14614,106,0.656,0.228,0.00017969,0.99982
717355533,"Existing Customer",56,"M",3,"Graduate","Single","$120K +","Blue",44,3,1,2,34516,1307,33209,0.558,13759,120,0.765,0.038,5.7151e-05,0.99994
712128258,"Existing Customer",49,"F",4,"High School","Single","Less than $40K","Silver",40,5,3,5,13704,2127,11577,0.805,15872,116,0.681,0.155,0.00082235,0.99918
735825258,"Existing Customer",39,"M",2,"High School","Single","Less than $40K","Blue",32,4,1,4,4423,1643,2780,0.724,15467,112,0.623,0.371,0.00015363,0.99985
714544908,"Attrited Customer",56,"M",4,"Graduate","Divorced","$60K - $80K","Blue",36,6,3,3,6224,0,6224,0.92,8979,68,0.581,0,0.99686,0.00314112
818712633,"Existing Customer",41,"F",3,"Graduate","Single","Less than $40K","Blue",36,4,6,2,4133,1067,3066,0.632,16100,119,0.608,0.258,0.00014734,0.99985
709831983,"Existing Customer",57,"M",2,"Uneducated","Single","$120K +","Blue",46,3,2,3,34516,1244,33272,0.606,15176,126,0.8,0.036,0.00019683,0.9998
789398733,"Existing Customer",56,"M",3,"Graduate","Married","$120K +","Blue",46,3,3,2,5270,779,4491,0.731,16179,105,0.694,0.148,0.00018665,0.99981
716850558,"Existing Customer",48,"M",4,"Graduate","Unknown","$60K - $80K","Gold",32,5,1,3,34516,1285,33231,0.654,15279,122,0.649,0.037,0.00011193,0.99989
717316008,"Existing Customer",38,"M",2,"Unknown","Married","$120K +","Blue",36,6,2,3,3782,0,3782,0.717,14977,117,0.721,0,0.00021042,0.99979
714677583,"Attrited Customer",50,"F",3,"Doctorate","Single","Unknown","Blue",36,4,3,3,5173,0,5173,0.912,8757,68,0.789,0,0.9978,0.00219584
767348733,"Existing Customer",56,"M",2,"Unknown","Married","$60K - $80K","Blue",49,3,3,3,4058,793,3265,0.758,15865,105,0.667,0.195,0.00033251,0.99967
779900808,"Existing Customer",32,"M",0,"College","Single","$60K - $80K","Blue",16,2,3,2,21551,0,21551,0.536,14950,94,0.843,0,0.00015007,0.99985
719900733,"Existing Customer",60,"M",1,"High School","Married","$40K - $60K","Blue",47,3,1,3,9805,1007,8798,0.8,14641,95,0.9,0.103,8.453e-05,0.99992
816517683,"Existing Customer",38,"F",2,"Doctorate","Married","Less than $40K","Blue",33,4,3,3,7530,1336,6194,0.749,14719,115,0.855,0.177,0.00043772,0.99956
755305683,"Existing Customer",45,"M",5,"Graduate","Married","$60K - $80K","Blue",38,5,1,4,8983,0,8983,0.713,15163,124,0.746,0,0.00016316,0.99984
715769958,"Existing Customer",53,"F",3,"Unknown","Married","$40K - $60K","Blue",39,3,2,2,4855,1912,2943,0.606,14969,104,0.763,0.394,0.00012982,0.99987
715493733,"Attrited Customer",53,"M",2,"Graduate","Married","$40K - $60K","Blue",36,2,3,4,5735,0,5735,1.009,9088,64,0.684,0,0.99807,0.00193323
827440458,"Attrited Customer",48,"M",4,"College","Married","$80K - $120K","Blue",44,2,3,3,9524,1449,8075,0.559,7527,58,0.657,0.152,0.99677,0.00323056
715713408,"Existing Customer",55,"M",2,"Graduate","Married","Less than $40K","Gold",46,3,5,3,15987,0,15987,0.82,15853,117,0.56,0,0.00038925,0.99961
720128658,"Attrited Customer",49,"M",1,"Uneducated","Single","$120K +","Blue",30,5,3,3,5181,0,5181,0.83,8943,68,1,0,0.99659,0.00341249
770038983,"Attrited Customer",37,"M",4,"High School","Single","$60K - $80K","Silver",31,1,3,3,28831,2517,26314,0.77,8688,69,0.769,0.087,0.99643,0.00357448
714684108,"Attrited Customer",31,"M",1,"Post-Graduate","Single","$40K - $60K","Blue",24,4,2,4,4169,534,3635,0.836,8565,70,0.795,0.128,0.99724,0.002764
708942408,"Existing Customer",46,"F",3,"Uneducated","Single","$40K - $60K","Blue",36,3,2,2,7020,1784,5236,0.815,16937,116,0.731,0.254,0.00012144,0.99988
779134458,"Attrited Customer",33,"F",1,"Doctorate","Single","Less than $40K","Blue",15,1,1,3,3709,1180,2529,0.645,8130,74,0.897,0.318,0.99212,0.00788
710066133,"Attrited Customer",30,"M",0,"Graduate","Single","Less than $40K","Silver",36,4,3,3,12833,0,12833,0.853,9619,75,0.786,0,0.99576,0.00424404
709578258,"Existing Customer",40,"F",3,"Uneducated","Single","Less than $40K","Blue",33,4,3,2,3804,1917,1887,0.744,14321,102,0.759,0.504,0.00019191,0.99981
718043583,"Existing Customer",50,"M",2,"Uneducated","Single","$120K +","Blue",40,5,3,4,21794,1368,20426,0.691,15111,116,0.706,0.063,0.00053055,0.99947
715186608,"Existing Customer",43,"M",4,"Graduate","Married","$80K - $120K","Blue",35,3,2,3,3304,2517,787,0.741,14565,120,0.818,0.762,0.00020077,0.9998
708447858,"Existing Customer",59,"F",2,"Uneducated","Married","Less than $40K","Blue",36,6,3,2,3850,0,3850,0.509,15107,117,0.918,0,0.00018494,0.99982
718071933,"Existing Customer",49,"M",1,"Graduate","Married","$40K - $60K","Blue",36,4,2,3,4158,1889,2269,0.872,15842,130,0.831,0.454,0.00017969,0.99982
771217758,"Existing Customer",44,"F",2,"High School","Single","Less than $40K","Blue",31,3,2,3,4182,2028,2154,0.658,16920,114,0.606,0.485,0.0001861,0.99981
721210158,"Existing Customer",29,"M",2,"College","Married","$40K - $60K","Blue",17,3,1,3,4626,1232,3394,0.731,14740,102,0.759,0.266,9.0064e-05,0.99991
788779983,"Existing Customer",58,"M",2,"Post-Graduate","Married","$80K - $120K","Blue",39,4,2,3,3742,2517,1225,0.75,16401,121,0.806,0.673,0.00022525,0.99977
718614183,"Attrited Customer",43,"F",4,"High School","Unknown","Less than $40K","Silver",31,6,2,2,13651,0,13651,1.046,9772,71,0.775,0,0.99055,0.00945
709865883,"Attrited Customer",38,"M",2,"High School","Divorced","$60K - $80K","Silver",25,1,2,3,26794,821,25973,0.848,8788,58,0.933,0.031,0.99409,0.00591
766273533,"Existing Customer",53,"M",2,"Uneducated","Unknown","$80K - $120K","Blue",46,3,6,3,17190,1736,15454,0.698,15055,117,0.696,0.101,0.00024554,0.99975
717390408,"Attrited Customer",49,"F",4,"Uneducated","Married","$40K - $60K","Blue",36,5,2,3,4167,0,4167,0.581,7590,87,0.776,0,0.99518,0.00481999
718655808,"Existing Customer",44,"F",3,"Uneducated","Married","Less than $40K","Silver",36,3,3,2,12944,1200,11744,0.839,16161,105,0.944,0.093,0.0001734,0.99983
817035108,"Existing Customer",31,"M",2,"Graduate","Single","Less than $40K","Blue",14,4,3,3,6933,1870,5063,0.656,15585,115,0.917,0.27,0.00030251,0.9997
747551658,"Existing Customer",47,"M",3,"High School","Unknown","$80K - $120K","Silver",40,5,3,2,34516,1371,33145,0.691,15930,123,0.836,0.04,0.00016395,0.99984
713281833,"Attrited Customer",37,"M",3,"Unknown","Single","$40K - $60K","Blue",29,6,2,3,13589,2517,11072,0.941,9456,79,1.026,0.185,0.99544,0.00455805
771982083,"Existing Customer",44,"M",4,"Doctorate","Married","$80K - $120K","Blue",33,3,1,3,4552,1144,3408,0.709,14418,104,0.677,0.251,0.00014059,0.99986
717642633,"Existing Customer",51,"M",2,"Graduate","Married","$60K - $80K","Blue",40,3,3,3,3750,1801,1949,0.889,17995,116,0.657,0.48,0.00030251,0.9997
772721208,"Existing Customer",50,"M",2,"High School","Single","$60K - $80K","Blue",40,4,3,3,17655,1720,15935,0.706,16293,120,0.739,0.097,0.00029408,0.99971
714385983,"Existing Customer",57,"F",2,"Uneducated","Single","Less than $40K","Blue",36,5,3,2,8224,1239,6985,0.793,16319,124,0.653,0.151,0.00018494,0.99982
712516608,"Existing Customer",43,"M",3,"Graduate","Married","$80K - $120K","Blue",36,6,2,3,3946,1275,2671,0.647,14822,96,0.811,0.323,0.00019864,0.9998
714725883,"Existing Customer",41,"F",4,"Graduate","Divorced","$40K - $60K","Blue",36,4,1,0,5654,2470,3184,0.637,15123,111,0.881,0.437,2.1307e-05,0.99998
709398708,"Existing Customer",40,"M",3,"High School","Divorced","$60K - $80K","Blue",36,3,1,2,16268,2517,13751,0.652,15925,124,0.824,0.155,5.5559e-05,0.99994
715090008,"Existing Customer",45,"M",4,"Graduate","Single","$60K - $80K","Silver",36,2,3,4,28564,2517,26047,0.711,14875,107,0.783,0.088,0.00048899,0.99951
709159308,"Existing Customer",42,"F",4,"High School","Single","Less than $40K","Blue",30,3,1,3,6172,1212,4960,0.723,16622,99,0.65,0.196,9.4447e-05,0.99991
711348033,"Existing Customer",50,"M",2,"Graduate","Married","$40K - $60K","Blue",40,4,3,2,5435,1243,4192,0.749,16202,117,0.671,0.229,0.00017987,0.99982
788230158,"Existing Customer",29,"M",1,"Unknown","Married","$40K - $60K","Silver",20,3,1,2,16496,1409,15087,0.677,16715,126,0.703,0.085,5.1345e-05,0.99995
718170033,"Existing Customer",42,"F",4,"Uneducated","Married","Unknown","Blue",23,4,1,2,8348,0,8348,0.695,15905,111,0.708,0,5.9391e-05,0.99994
718161708,"Existing Customer",46,"F",4,"Graduate","Married","Less than $40K","Blue",34,5,1,2,7562,1500,6062,0.632,14908,100,0.754,0.198,5.7762e-05,0.99994
717714633,"Existing Customer",49,"M",3,"Uneducated","Married","$120K +","Gold",38,4,3,4,14938,0,14938,0.737,15277,131,0.724,0,0.00063422,0.99937
824150733,"Existing Customer",43,"M",2,"High School","Married","$80K - $120K","Silver",39,3,1,3,34516,1987,32529,0.673,16177,122,0.848,0.058,8.1371e-05,0.99992
713768358,"Existing Customer",45,"M",4,"Graduate","Single","$40K - $60K","Blue",35,3,2,2,7935,888,7047,0.779,15380,122,0.694,0.112,0.00011937,0.99988
709188108,"Existing Customer",45,"M",2,"Graduate","Single","$60K - $80K","Silver",33,4,2,2,34516,1529,32987,0.609,13940,105,0.81,0.044,0.00010284,0.9999
720328983,"Attrited Customer",52,"F",5,"Unknown","Married","Less than $40K","Blue",36,4,3,3,9611,0,9611,0.84,7636,64,0.829,0,0.9971,0.00290361
712296408,"Existing Customer",36,"F",3,"Unknown","Married","$40K - $60K","Blue",22,5,3,3,12958,2273,10685,0.608,15681,96,0.627,0.175,0.00034503,0.99965
719106783,"Existing Customer",52,"M",1,"High School","Single","$80K - $120K","Blue",41,4,1,4,4103,1972,2131,0.665,16344,118,0.788,0.481,0.00014421,0.99986
713437008,"Attrited Customer",40,"F",3,"Graduate","Married","Unknown","Blue",25,1,2,3,6888,1878,5010,1.059,9038,64,0.829,0.273,0.99499,0.00501
719574033,"Existing Customer",38,"M",1,"High School","Single","$60K - $80K","Blue",28,2,2,2,21906,0,21906,0.696,15349,119,0.7,0,0.00010386,0.9999
716123283,"Existing Customer",59,"M",1,"Unknown","Single","$60K - $80K","Blue",48,3,1,2,7288,0,7288,0.64,14873,120,0.714,0,5.6825e-05,0.99994
789023508,"Existing Customer",46,"M",3,"Unknown","Married","$80K - $120K","Blue",33,4,1,3,34516,1099,33417,0.816,15490,110,0.618,0.032,0.00010566,0.99989
710005683,"Existing Customer",56,"M",2,"College","Single","$80K - $120K","Blue",46,3,3,5,12540,1696,10844,0.799,16518,115,0.716,0.135,0.00086785,0.99913
801036033,"Existing Customer",31,"M",0,"High School","Single","$40K - $60K","Blue",25,3,2,3,4493,1388,3105,0.795,17744,104,0.763,0.309,0.0001597,0.99984
716644008,"Attrited Customer",55,"M",3,"Graduate","Single","$120K +","Silver",36,4,3,4,34516,0,34516,1.007,9931,70,0.75,0,0.99794,0.00206163
709094358,"Existing Customer",51,"F",1,"Graduate","Single","Less than $40K","Blue",41,4,2,3,8900,798,8102,0.647,16737,88,0.66,0.09,0.00017969,0.99982
719848008,"Existing Customer",39,"M",2,"Graduate","Unknown","$60K - $80K","Silver",36,4,2,2,29808,0,29808,0.669,16098,128,0.684,0,0.00010284,0.9999
718372458,"Existing Customer",42,"M",2,"Graduate","Unknown","$40K - $60K","Blue",30,3,2,5,3735,1723,2012,0.595,14501,92,0.84,0.461,0.00056498,0.99944
720608658,"Existing Customer",33,"F",1,"Uneducated","Single","Less than $40K","Blue",36,5,3,3,8398,1875,6523,0.727,16706,123,0.757,0.223,0.00029196,0.99971
717185658,"Attrited Customer",51,"M",1,"High School","Married","$80K - $120K","Blue",36,4,3,4,22754,0,22754,0.799,8531,77,0.791,0,0.99788,0.00211827
715474083,"Existing Customer",51,"M",3,"Graduate","Single","$60K - $80K","Silver",36,3,2,2,29663,1743,27920,0.667,14638,93,0.722,0.059,0.00010672,0.99989
709646433,"Attrited Customer",59,"F",1,"High School","Married","Less than $40K","Blue",50,1,4,3,5043,743,4300,0.805,10170,66,0.784,0.147,0.99701,0.00298772
717494358,"Existing Customer",58,"F",0,"Graduate","Single","Less than $40K","Blue",48,2,2,5,4299,1334,2965,0.66,15068,123,0.685,0.31,0.00048486,0.99952
713924283,"Attrited Customer",61,"M",0,"Graduate","Single","$60K - $80K","Blue",54,2,1,4,11859,1644,10215,0.866,8930,79,0.837,0.139,0.99268,0.00732
714471183,"Attrited Customer",47,"M",4,"Graduate","Divorced","$80K - $120K","Blue",39,4,3,4,17504,476,17028,0.892,10468,66,0.737,0.027,0.99816,0.00184351
780613758,"Existing Customer",47,"M",5,"High School","Single","Less than $40K","Blue",35,4,3,5,4165,0,4165,0.813,17093,111,0.82,0,0.00089586,0.9991
718225683,"Existing Customer",56,"M",1,"Graduate","Single","$80K - $120K","Silver",49,5,2,2,34516,1091,33425,0.64,15274,108,0.714,0.032,9.6533e-05,0.9999
710734308,"Existing Customer",49,"M",1,"Graduate","Single","$60K - $80K","Blue",40,6,3,3,6481,1569,4912,0.692,15937,119,0.803,0.242,0.00028395,0.99972
708564858,"Attrited Customer",33,"M",2,"College","Married","$120K +","Gold",20,2,1,4,34516,0,34516,1.004,9338,73,0.622,0,0.99438,0.00562
713733633,"Attrited Customer",27,"M",0,"High School","Divorced","$60K - $80K","Blue",36,2,3,2,13303,2517,10786,0.929,10219,85,0.809,0.189,0.99338,0.00662
720841533,"Existing Customer",29,"M",0,"Graduate","Married","Less than $40K","Blue",15,3,1,5,4700,0,4700,0.617,14723,96,0.655,0,0.00023467,0.99977
712210458,"Existing Customer",38,"M",1,"Uneducated","Single","$40K - $60K","Blue",36,2,3,2,5639,1558,4081,0.614,16628,109,0.946,0.276,0.0001736,0.99983
714109308,"Existing Customer",46,"M",5,"College","Single","$80K - $120K","Blue",36,1,2,3,13187,2241,10946,0.689,15354,112,0.931,0.17,0.00019215,0.99981
712503408,"Existing Customer",57,"M",2,"Graduate","Married","$80K - $120K","Blue",40,6,3,4,17925,1909,16016,0.712,17498,111,0.82,0.106,0.000516,0.99948
713755458,"Attrited Customer",50,"M",1,"Unknown","Unknown","$80K - $120K","Blue",36,6,3,4,9959,952,9007,0.825,10310,63,1.1,0.096,0.99813,0.00187387
716893683,"Attrited Customer",55,"F",3,"Uneducated","Single","Unknown","Blue",47,4,3,3,14657,2517,12140,0.166,6009,53,0.514,0.172,0.99691,0.00308778
710841183,"Existing Customer",54,"M",1,"High School","Single","$60K - $80K","Blue",34,5,2,0,13940,2109,11831,0.66,15577,114,0.754,0.151,3.8311e-05,0.99996
713899383,"Existing Customer",56,"F",1,"Graduate","Single","Less than $40K","Blue",50,4,1,4,3688,606,3082,0.57,14596,120,0.791,0.164,0.00014834,0.99985
772366833,"Existing Customer",50,"M",2,"Graduate","Single","$40K - $60K","Blue",40,3,2,3,4003,1851,2152,0.703,15476,117,0.857,0.462,0.00019143,0.99981
710638233,"Attrited Customer",41,"M",2,"Unknown","Divorced","$40K - $60K","Blue",25,4,2,3,4277,2186,2091,0.804,8764,69,0.683,0.511,0.99527,0.00472896
716506083,"Attrited Customer",44,"F",1,"High School","Married","Less than $40K","Blue",36,5,3,4,5409,0,5409,0.819,10291,60,0.818,0,0.99788,0.00211827
717406983,"Attrited Customer",30,"M",2,"Graduate","Unknown","$40K - $60K","Blue",36,4,3,3,5281,0,5281,0.535,8395,62,0.722,0,0.99671,0.00329379
714337233,"Attrited Customer",43,"F",2,"Graduate","Married","Less than $40K","Silver",25,6,2,4,10388,1961,8427,0.703,10294,61,0.649,0.189,0.99662,0.00337654
